archivo,columna,destino,tipo,uso
ancla/,measure_id,measure_id,int,obligatoria
ancla/,measure_name,measure_name,texto,opcional
ancla/,location_id,location_id,texto,obligatoria
ancla/,location_name,location_name,texto,obligatoria
ancla/,sex_id,sex_id,int,obligatoria
ancla/,sex_name,sex_name,texto,opcional
ancla/,age_id,age_group_id,int,obligatoria
ancla/,age_name,age_group_name,texto,obligatoria
ancla/,cause_id,cause_id,int,obligatoria
ancla/,cause_name,cause_name,texto,obligatoria
ancla/,metric_id,metric_id,texto,opcional
ancla/,metric_name,metric_name,texto,obligatoria
ancla/,year,year,int,obligatoria
ancla/,val,val,num,obligatoria
ancla/,upper,upper,num,obligatoria
ancla/,lower,lower,num,obligatoria
covariables/,covariate_id,,texto,opcional
covariables/,covariate_name_short,,texto,obligatoria
covariables/,location_id,,texto,obligatoria
covariables/,year_id,,int,obligatoria
covariables/,sex_id,,int,obligatoria
covariables/,age_group_id,,int,obligatoria
covariables/,mean_value,,num,obligatoria
covariables/,lower_value,,num,obligatoria
covariables/,upper_value,,num,obligatoria
poblacion.csv,location_id,location_id,texto,obligatoria
poblacion.csv,location_name,,texto,plantilla
poblacion.csv,anio,year,int,obligatoria
poblacion.csv,sexo,,texto,obligatoria
poblacion.csv,edad_inicio,,num,plantilla
poblacion.csv,edad_fin,,num,plantilla
poblacion.csv,age_group_id,age_group_id,int,opcional
poblacion.csv,poblacion,val,num,obligatoria
proxies.csv,covariable,,texto,obligatoria
proxies.csv,location_id,location_id,texto,obligatoria
proxies.csv,anio,year,int,obligatoria
proxies.csv,sexo,,texto,obligatoria
proxies.csv,edad_inicio,,num,plantilla
proxies.csv,edad_fin,,num,plantilla
proxies.csv,age_group_id,age_group_id,int,opcional
proxies.csv,valor,valor_calibrado,num,obligatoria
proxies.csv,error_estandar,valor_calibrado_se,num,obligatoria
datos.csv,causa,cause_id,int,plantilla
datos.csv,tipo,,texto,obligatoria
datos.csv,location_id,location_id,texto,obligatoria
datos.csv,sexo,,texto,obligatoria
datos.csv,edad_inicio,age_start,num,obligatoria
datos.csv,edad_fin,age_end,num,obligatoria
datos.csv,anio,,int,plantilla
datos.csv,anio_inicio,,int,opcional
datos.csv,anio_fin,,int,opcional
datos.csv,valor,val,num,plantilla
datos.csv,error_estandar,se,num,plantilla
datos.csv,casos,x,int,plantilla
datos.csv,muestra,n,int,plantilla
datos.csv,muestra_efectiva,n_efectivo,num,opcional
datos.csv,excluir,,lgl,plantilla
datos.csv,motivo,outlier_motivo,texto,plantilla
datos.csv,fuente,,texto,plantilla
datos.csv,definicion,definicion,texto,plantilla
severidad.csv,causa,cause_id,int,obligatoria
severidad.csv,estado,,texto,obligatoria
severidad.csv,id_estado,health_state_id,int,opcional
severidad.csv,proporcion,proportion,num,obligatoria
severidad.csv,proporcion_inferior,prop_lower,num,obligatoria
severidad.csv,proporcion_superior,prop_upper,num,obligatoria
severidad.csv,peso_discapacidad,dw_mean,num,obligatoria
severidad.csv,peso_inferior,dw_lower,num,obligatoria
severidad.csv,peso_superior,dw_upper,num,obligatoria
