tabla,columna,tipo,rol,exige,vocabulario,valores_alias,minimo,maximo,alias,unidad,descripcion
ubicaciones,ubicacion,texto,eje,si,,,,,,,"Código de la ubicación, el que use el proyecto"
ubicaciones,nombre,texto,valor,no,,,,,,,"Nombre de la ubicación en las salidas"
ubicaciones,padre,texto,valor,no,,,,,,,"Ubicación que la contiene: vacío en la nacional, la nacional en las subnacionales"
poblacion,ubicacion,texto,eje,si,,,,,location_id,,"Ubicación"
poblacion,anio,entero,eje,si,,,,,year|year_id,,"Año"
poblacion,sexo,texto,eje,si,,,,,sex,,"hombres, mujeres o ambos"
poblacion,edad_inicio,numero,eje,si,,,0,125,age_start,años,"Primera edad de la banda"
poblacion,edad_fin,numero,eje,si,,,0,125,age_end,años,"Fin de la banda (excluido); vacío en la banda abierta"
poblacion,poblacion,numero,valor,si,,,0,,population|val,personas,"Población"
ancla,causa,entero,eje,no,,,,,cause_id,,"Causa"
ancla,anio,entero,eje,si,,,,,year|year_id,,"Año"
ancla,sexo,texto,eje,si,,,,,sex,,"hombres, mujeres o ambos (el modelo no usa las filas de ambos sexos: no hacen falta)"
ancla,edad_inicio,numero,eje,si,,,0,125,age_start,años,"Primera edad de la banda"
ancla,edad_fin,numero,eje,si,,,0,125,age_end,años,"Fin de la banda (excluido); vacío en la banda abierta"
ancla,medida,texto,valor,si,prevalencia|mortalidad|avd|incidencia,,,,,,"Qué mide la fila"
ancla,valor,numero,valor,si,,,0,,val,"proporción (prevalencia) o por persona-año","Estimación"
ancla,inferior,numero,valor,si,,,0,,lower,igual que valor,"Límite inferior del intervalo del 95 %"
ancla,superior,numero,valor,si,,,0,,upper,igual que valor,"Límite superior del intervalo del 95 %"
ancla,nombre_causa,texto,valor,no,,,,,cause_name,,"Nombre de la causa (lo llena el lector de GBD)"
covariables,ubicacion,texto,eje,no,,,,,,,"Ubicación; sin la columna, la nacional"
covariables,anio,entero,eje,no,,,,,year|year_id,,"Año; sin la columna, todos"
covariables,sexo,texto,eje,no,,,,,sex,,"Sexo; sin la columna, ambos"
covariables,edad_inicio,numero,eje,no,,,0,125,,años,"Primera edad; sin las columnas de edad, todas las edades"
covariables,edad_fin,numero,eje,no,,,0,125,,años,"Fin de la banda (excluido)"
covariables,covariable,texto,valor,si,,,,,covariate_name_short,,"Nombre de la covariable"
covariables,valor,numero,valor,si,,,,,mean_value,,"Valor de la covariable"
covariables,error_estandar,numero,valor,no,,,0,,se,,"Error estándar del valor"
covariables,inferior,numero,valor,no,,,,,lower_value,,"Límite inferior del intervalo del 95 %"
covariables,superior,numero,valor,no,,,,,upper_value,,"Límite superior del intervalo del 95 %"
covariables,fuente,texto,valor,no,,,,,,,"De dónde sale el valor (el proxy, en las subnacionales)"
covariables,covariable_id,entero,valor,no,,,,,covariate_id,,"Id de GBD de la covariable (lo llena el lector del GHDx)"
betas,causa,entero,eje,no,,,,,,,"Causa; sin la columna, todas"
betas,covariable,texto,valor,si,,,,,,,"Covariable, como en la tabla covariables"
betas,efecto_sobre,texto,valor,si,prevalencia|incidencia|mortalidad_exceso,,,,,,"Parámetro sobre el que actúa"
betas,transformacion,texto,valor,si,log|logit|lineal,,,,,,"Transformación de la covariable en la regresión publicada"
betas,escala,numero,valor,no,,,0,,,,"Multiplica la diferencia de la covariable (solo con lineal); 1 por defecto"
betas,beta,numero,valor,si,,,,,,,"Coeficiente publicado"
betas,inferior,numero,valor,no,,,,,,,"Límite inferior del 95 % (vacío: beta fija)"
betas,superior,numero,valor,no,,,,,,,"Límite superior del 95 % (vacío: beta fija)"
betas,valor_nacional_de,texto,valor,no,,,,,,,"Otra covariable cuyo valor nacional ancla a esta (con valores subnacionales de esta, su fila nacional propia no hace falta)"
betas,escala_confirmada,logico,valor,no,,,,,,,"true confirma una beta lineal grande con escala 1"
betas,fuente,texto,valor,no,,,,,,,"De dónde sale la beta"
datos,causa,entero,eje,no,,,,,,,"Causa; sin la columna, la del proyecto"
datos,ubicacion,texto,eje,si,,,,,location_id,,"Ubicación"
datos,anio,entero,eje,no,,,,,year,,"Año (o anio_inicio y anio_fin)"
datos,anio_inicio,entero,valor,no,,,,,,,"Primer año del dato"
datos,anio_fin,entero,valor,no,,,,,,,"Último año del dato (no antes de anio_inicio)"
datos,sexo,texto,eje,si,,,,,sex,,"hombres, mujeres o ambos"
datos,edad_inicio,numero,eje,si,,,0,125,age_start,años,"Primera edad"
datos,edad_fin,numero,eje,si,,,0,125,age_end,años,"Fin de la banda (excluido)"
datos,medida,texto,valor,si,prevalencia|incidencia|mortalidad|prevalencia_registro,prevalencia_estudio=prevalencia,,,tipo,,"Qué mide el dato"
datos,valor,numero,valor,no,,,0,,val,"proporción o por persona-año","Valor"
datos,error_estandar,numero,valor,no,,,0,,se,igual que valor,"Error estándar"
datos,casos,numero,valor,no,,,0,,,,"Casos (con muestra, en vez de valor y error)"
datos,muestra,numero,valor,no,,,0,,,personas o personas-año,"Muestra"
datos,muestra_efectiva,numero,valor,no,,,0,,,,"Muestra efectiva"
datos,excluir,logico,valor,no,,,,,,,"true deja el dato fuera"
datos,motivo,texto,valor,no,,,,,,,"Por qué se excluye"
datos,fuente,texto,valor,no,,,,,,,"Fuente del dato"
datos,definicion,texto,valor,no,,,,,,,"Definición de caso"
severidad,causa,entero,eje,no,,,,,,,"Causa; sin la columna, todas"
severidad,sexo,texto,eje,no,,,,,,,"Sexo; sin la columna, ambos"
severidad,edad_inicio,numero,eje,no,,,0,125,,años,"Primera edad; sin las columnas de edad, todas"
severidad,edad_fin,numero,eje,no,,,0,125,,años,"Fin de la banda (excluido)"
severidad,estado,texto,valor,si,,,,,,,"Estado de salud: nombre o id de GBD, o uno propio"
severidad,id_estado,entero,valor,no,,,,,,,"Id del estado"
severidad,proporcion,numero,valor,si,,,0,1,,proporción,"Proporción de los casos en el estado"
severidad,inferior,numero,valor,si,,,0,1,proporcion_inferior,proporción,"Límite inferior del 95 %"
severidad,superior,numero,valor,si,,,0,1,proporcion_superior,proporción,"Límite superior del 95 %"
severidad,peso_discapacidad,numero,valor,no,,,0,1,,,"Peso de discapacidad (vacío: el de GBD); con sus dos límites o ninguno"
severidad,peso_inferior,numero,valor,no,,,0,1,,,"Límite inferior del peso"
severidad,peso_superior,numero,valor,no,,,0,1,,,"Límite superior del peso"
fuentes_gbd,causa,entero,eje,no,,,,,cause_id,,"Causa"
fuentes_gbd,ubicacion,texto,eje,no,,,,,location_id,,"Ubicación"
fuentes_gbd,componente,texto,valor,si,no_fatal|causa_de_muerte,,,,,,"Componente de GBD que usó la fuente"
fuentes_gbd,nid,entero,valor,si,,,,,,,"Id de la fuente en el GHDx"
poblacion_detalle,anio,entero,eje,si,,,,,year|year_id,,"Año"
poblacion_detalle,sexo,texto,eje,si,,,,,sex,,"hombres, mujeres o ambos (ambos solo si se quieren agrupar las filas de ambos sexos del ancla)"
poblacion_detalle,edad_inicio,numero,eje,si,,,0,125,age_start,años,"Primera edad de la banda"
poblacion_detalle,edad_fin,numero,eje,si,,,0,125,age_end,años,"Fin de la banda (excluido)"
poblacion_detalle,poblacion,numero,valor,si,,,0,,population|val,personas,"Población nacional con más detalle de edad"
proxies_crudos,ubicacion,texto,eje,si,,,,,location_id,,"Ubicación subnacional"
proxies_crudos,anio,entero,eje,si,,,,,year|year_id,,"Año de la edición de la encuesta"
proxies_crudos,sexo,texto,eje,no,,,,,sex,,"Sexo; sin la columna, ambos"
proxies_crudos,edad_inicio,numero,eje,no,,,0,125,age_start,años,"Primera edad; sin las columnas de edad (o con las edades vacías), todas las edades de la población"
proxies_crudos,edad_fin,numero,eje,no,,,0,125,age_end,años,"Fin de la banda (excluido)"
proxies_crudos,covariable,texto,valor,si,,,,,,,"Covariable de GBD que representa (como en betas)"
proxies_crudos,indicador,texto,valor,no,,,,,,,"Nombre del indicador crudo; pasa a la fuente de las filas calibradas"
proxies_crudos,valor,numero,valor,si,,,,,val,,"Estimación de la encuesta"
proxies_crudos,error_estandar,numero,valor,si,,,0,,se,,"Error estándar de la estimación (mayor que 0)"
proxies_crudos,fuente,texto,valor,no,,,,,,,"Procedencia"
razones,causa,entero,eje,no,,,,,cause_id,,"Causa; sin la columna, todas"
razones,ubicacion,texto,eje,si,,,,,location_id,,"Ubicación subnacional"
razones,anio,entero,eje,si,,,,,year|year_id,,"Año que se estima"
razones,razon,numero,valor,si,,,0,,,,"Razón entre la tasa de la ubicación y la nacional (0: la ubicación queda sin casos)"
razones,error_log,numero,valor,si,,,0,,,,"Error estándar del logaritmo de la razón (0: la razón no se sortea)"
razones,fuente,texto,valor,no,,,,,,,"De dónde sale la razón"
