run_id,source,round,entity,method,location_id,location_name,location_level,year,age_group_id,age_group_name,sex_id,sex_name,cause_id,cause_name,sequela_id,sequela_name,measure_id,measure_name,metric_id,metric_name,val,lower,upper,ui_level
acs_v1,gbd,2023,cause_sequela,severity_split,123,Perú,0,2023,22,All ages,3,Both,9100,Arteriopatía crónica sintética,91011,acs_de_miembros_inferiores_asintomatica,900001,Proportion,2,Percent,0.338674676440865,0.287873474974735,0.389475877906995,0.95
acs_v1,gbd,2023,cause_sequela,severity_split,123,Perú,0,2023,22,All ages,3,Both,9100,Arteriopatía crónica sintética,91012,acs_de_miembros_inferiores_leve,900001,Proportion,2,Percent,0.237072273508605,0.201511432482315,0.272633114534896,0.95
acs_v1,gbd,2023,cause_sequela,severity_split,123,Perú,0,2023,22,All ages,3,Both,9100,Arteriopatía crónica sintética,91013,acs_de_miembros_inferiores_moderada,900001,Proportion,2,Percent,0.101602402932259,0.0863620424924206,0.116842763372098,0.95
acs_v1,gbd,2023,cause_sequela,severity_split,123,Perú,0,2023,22,All ages,3,Both,9100,Arteriopatía crónica sintética,91021,acs_carotidea_asintomatica,900001,Proportion,2,Percent,0.138963106705778,0.118118640699911,0.159807572711645,0.95
acs_v1,gbd,2023,cause_sequela,severity_split,123,Perú,0,2023,22,All ages,3,Both,9100,Arteriopatía crónica sintética,91022,acs_carotidea_leve,900001,Proportion,2,Percent,0.0579012944607408,0.0492161002916297,0.0665864886298519,0.95
acs_v1,gbd,2023,cause_sequela,severity_split,123,Perú,0,2023,22,All ages,3,Both,9100,Arteriopatía crónica sintética,91023,acs_carotidea_moderada,900001,Proportion,2,Percent,0.0347407766764445,0.0295296601749778,0.0399518931779111,0.95
acs_v1,gbd,2023,cause_sequela,severity_split,123,Perú,0,2023,22,All ages,3,Both,9100,Arteriopatía crónica sintética,91031,acs_renovascular_asintomatica,900001,Proportion,2,Percent,0.0500750081014189,0.042563756886206,0.0575862593166317,0.95
acs_v1,gbd,2023,cause_sequela,severity_split,123,Perú,0,2023,22,All ages,3,Both,9100,Arteriopatía crónica sintética,91032,acs_renovascular_leve,900001,Proportion,2,Percent,0.0273136407825921,0.0232165946652033,0.0314106868999809,0.95
acs_v1,gbd,2023,cause_sequela,severity_split,123,Perú,0,2023,22,All ages,3,Both,9100,Arteriopatía crónica sintética,91033,acs_renovascular_moderada,900001,Proportion,2,Percent,0.0136568203912961,0.0116082973326016,0.0157053434499905,0.95
acs_v1,gbd,2023,cause_sequela,severity_split,123,Perú,0,2023,22,All ages,3,Both,9101,ACS de miembros inferiores,91011,acs_de_miembros_inferiores_asintomatica,900001,Proportion,2,Percent,0.5,0.425,0.575,0.95
acs_v1,gbd,2023,cause_sequela,severity_split,123,Perú,0,2023,22,All ages,3,Both,9101,ACS de miembros inferiores,91012,acs_de_miembros_inferiores_leve,900001,Proportion,2,Percent,0.35,0.2975,0.4025,0.95
acs_v1,gbd,2023,cause_sequela,severity_split,123,Perú,0,2023,22,All ages,3,Both,9101,ACS de miembros inferiores,91013,acs_de_miembros_inferiores_moderada,900001,Proportion,2,Percent,0.15,0.1275,0.1725,0.95
acs_v1,gbd,2023,cause_sequela,severity_split,123,Perú,0,2023,22,All ages,3,Both,9102,ACS carotídea,91021,acs_carotidea_asintomatica,900001,Proportion,2,Percent,0.6,0.51,0.69,0.95
acs_v1,gbd,2023,cause_sequela,severity_split,123,Perú,0,2023,22,All ages,3,Both,9102,ACS carotídea,91022,acs_carotidea_leve,900001,Proportion,2,Percent,0.25,0.2125,0.2875,0.95
acs_v1,gbd,2023,cause_sequela,severity_split,123,Perú,0,2023,22,All ages,3,Both,9102,ACS carotídea,91023,acs_carotidea_moderada,900001,Proportion,2,Percent,0.15,0.1275,0.1725,0.95
acs_v1,gbd,2023,cause_sequela,severity_split,123,Perú,0,2023,22,All ages,3,Both,9103,ACS renovascular,91031,acs_renovascular_asintomatica,900001,Proportion,2,Percent,0.55,0.4675,0.6325,0.95
acs_v1,gbd,2023,cause_sequela,severity_split,123,Perú,0,2023,22,All ages,3,Both,9103,ACS renovascular,91032,acs_renovascular_leve,900001,Proportion,2,Percent,0.3,0.255,0.345,0.95
acs_v1,gbd,2023,cause_sequela,severity_split,123,Perú,0,2023,22,All ages,3,Both,9103,ACS renovascular,91033,acs_renovascular_moderada,900001,Proportion,2,Percent,0.15,0.1275,0.1725,0.95
