dato_id,cause_id,tipo_dato,measure_id,measure_name,location_id,location_name,location_level,sex_id,sex_name,age_start,age_end,age_group_id,year_start,year_end,val,se,x,n,n_efectivo,definicion,es_referencia,crosswalk_id,ajuste_completitud,completitud,outlier,outlier_motivo,acquisition_id,nid_ghdx,cita
csmr_nac_1_15,9100,csmr,900006,csmr,123,Perú,0,1,Male,50,55,15,2023,2023,0.000498725225117662,4.98725225117662e-05,,,,"registro vital, causa básica (sintético)",TRUE,,TRUE,0.9357,FALSE,,sintetico_rv_v1,,datos sintéticos de ejemplo
csmr_nac_1_16,9100,csmr,900006,csmr,123,Perú,0,1,Male,55,60,16,2023,2023,0.000794861935736366,7.94861935736366e-05,,,,"registro vital, causa básica (sintético)",TRUE,,TRUE,0.8854,FALSE,,sintetico_rv_v1,,datos sintéticos de ejemplo
csmr_nac_1_17,9100,csmr,900006,csmr,123,Perú,0,1,Male,60,65,17,2023,2023,0.00123370102201399,0.000123370102201399,,,,"registro vital, causa básica (sintético)",TRUE,,TRUE,0.8958,FALSE,,sintetico_rv_v1,,datos sintéticos de ejemplo
csmr_nac_1_18,9100,csmr,900006,csmr,123,Perú,0,1,Male,65,70,18,2023,2023,0.00155324208722131,0.000155324208722131,,,,"registro vital, causa básica (sintético)",TRUE,,TRUE,0.8801,FALSE,,sintetico_rv_v1,,datos sintéticos de ejemplo
csmr_nac_1_19,9100,csmr,900006,csmr,123,Perú,0,1,Male,70,75,19,2023,2023,0.00253289385864626,0.000253289385864626,,,,"registro vital, causa básica (sintético)",TRUE,,TRUE,0.9329,FALSE,,sintetico_rv_v1,,datos sintéticos de ejemplo
csmr_nac_1_20,9100,csmr,900006,csmr,123,Perú,0,1,Male,75,80,20,2023,2023,0.00342307143467102,0.000342307143467102,,,,"registro vital, causa básica (sintético)",TRUE,,TRUE,0.9329,FALSE,,sintetico_rv_v1,,datos sintéticos de ejemplo
csmr_nac_1_21,9100,csmr,900006,csmr,123,Perú,0,1,Male,80,125,21,2023,2023,0.00601997455273197,0.000601997455273197,,,,"registro vital, causa básica (sintético)",TRUE,,TRUE,0.9032,FALSE,,sintetico_rv_v1,,datos sintéticos de ejemplo
csmr_nac_2_15,9100,csmr,900006,csmr,123,Perú,0,2,Female,50,55,15,2023,2023,0.000432023675105511,4.32023675105511e-05,,,,"registro vital, causa básica (sintético)",TRUE,,TRUE,0.945,FALSE,,sintetico_rv_v1,,datos sintéticos de ejemplo
csmr_nac_2_16,9100,csmr,900006,csmr,123,Perú,0,2,Female,55,60,16,2023,2023,0.000632388848928495,6.32388848928495e-05,,,,"registro vital, causa básica (sintético)",TRUE,,TRUE,0.9427,FALSE,,sintetico_rv_v1,,datos sintéticos de ejemplo
csmr_nac_2_17,9100,csmr,900006,csmr,123,Perú,0,2,Female,60,65,17,2023,2023,0.000848436695764766,8.48436695764766e-05,,,,"registro vital, causa básica (sintético)",TRUE,,TRUE,0.947,FALSE,,sintetico_rv_v1,,datos sintéticos de ejemplo
csmr_nac_2_18,9100,csmr,900006,csmr,123,Perú,0,2,Female,65,70,18,2023,2023,0.00143531665829352,0.000143531665829352,,,,"registro vital, causa básica (sintético)",TRUE,,TRUE,0.9098,FALSE,,sintetico_rv_v1,,datos sintéticos de ejemplo
csmr_nac_2_19,9100,csmr,900006,csmr,123,Perú,0,2,Female,70,75,19,2023,2023,0.00202924290357389,0.000202924290357389,,,,"registro vital, causa básica (sintético)",TRUE,,TRUE,0.8928,FALSE,,sintetico_rv_v1,,datos sintéticos de ejemplo
csmr_nac_2_20,9100,csmr,900006,csmr,123,Perú,0,2,Female,75,80,20,2023,2023,0.00294523425726364,0.000294523425726364,,,,"registro vital, causa básica (sintético)",TRUE,,TRUE,0.8944,FALSE,,sintetico_rv_v1,,datos sintéticos de ejemplo
csmr_nac_2_21,9100,csmr,900006,csmr,123,Perú,0,2,Female,80,125,21,2023,2023,0.00508071115697324,0.000508071115697324,,,,"registro vital, causa básica (sintético)",TRUE,,TRUE,0.8921,FALSE,,sintetico_rv_v1,,datos sintéticos de ejemplo
prev_nac_1_17,9100,prev_estudio,5,Prevalence,123,Perú,0,1,Male,60,65,17,2023,2023,,,32,800,,tamizaje vascular estandarizado (sintético),TRUE,,FALSE,,FALSE,,sintetico_estudio_v1,,datos sintéticos de ejemplo
prev_nac_1_19,9100,prev_estudio,5,Prevalence,123,Perú,0,1,Male,70,75,19,2023,2023,,,49,800,,tamizaje vascular estandarizado (sintético),TRUE,,FALSE,,FALSE,,sintetico_estudio_v1,,datos sintéticos de ejemplo
prev_nac_1_21,9100,prev_estudio,5,Prevalence,123,Perú,0,1,Male,80,125,21,2023,2023,,,70,800,,tamizaje vascular estandarizado (sintético),TRUE,,FALSE,,FALSE,,sintetico_estudio_v1,,datos sintéticos de ejemplo
prev_nac_2_17,9100,prev_estudio,5,Prevalence,123,Perú,0,2,Female,60,65,17,2023,2023,,,25,800,,tamizaje vascular estandarizado (sintético),TRUE,,FALSE,,FALSE,,sintetico_estudio_v1,,datos sintéticos de ejemplo
prev_nac_2_19,9100,prev_estudio,5,Prevalence,123,Perú,0,2,Female,70,75,19,2023,2023,,,46,800,,tamizaje vascular estandarizado (sintético),TRUE,,FALSE,,FALSE,,sintetico_estudio_v1,,datos sintéticos de ejemplo
prev_nac_2_21,9100,prev_estudio,5,Prevalence,123,Perú,0,2,Female,80,125,21,2023,2023,,,83,800,,tamizaje vascular estandarizado (sintético),TRUE,,FALSE,,FALSE,,sintetico_estudio_v1,,datos sintéticos de ejemplo
inc_nac_1_60,9100,incidencia,6,Incidence,123,Perú,0,1,Male,60,70,,2023,2023,0.00458839943796536,0.000917679887593072,,,,primer diagnóstico en una cohorte (sintético),TRUE,,FALSE,,FALSE,,sintetico_cohorte_v1,,datos sintéticos de ejemplo
inc_nac_1_70,9100,incidencia,6,Incidence,123,Perú,0,1,Male,70,80,,2023,2023,0.00529501916143514,0.00105900383228703,,,,primer diagnóstico en una cohorte (sintético),TRUE,,FALSE,,FALSE,,sintetico_cohorte_v1,,datos sintéticos de ejemplo
inc_nac_2_60,9100,incidencia,6,Incidence,123,Perú,0,2,Female,60,70,,2023,2023,0.00281116479346823,0.000562232958693645,,,,primer diagnóstico en una cohorte (sintético),TRUE,,FALSE,,FALSE,,sintetico_cohorte_v1,,datos sintéticos de ejemplo
inc_nac_2_70,9100,incidencia,6,Incidence,123,Perú,0,2,Female,70,80,,2023,2023,0.00490712776069181,0.000981425552138362,,,,primer diagnóstico en una cohorte (sintético),TRUE,,FALSE,,FALSE,,sintetico_cohorte_v1,,datos sintéticos de ejemplo
prev_nac_atipico,9100,prev_estudio,5,Prevalence,123,Perú,0,2,Female,65,70,18,2023,2023,0.135691395441734,0.0271382790883467,,,,tamizaje vascular estandarizado (sintético),TRUE,,FALSE,,TRUE,valor atípico sintético para el ejemplo,sintetico_estudio_v1,,datos sintéticos de ejemplo
prev_01_1_50,9100,prev_estudio,5,Prevalence,01,Amazonas,1,1,Male,50,65,,2019,2019,,,15,600,,tamizaje vascular estandarizado (sintético),TRUE,,FALSE,,FALSE,,sintetico_encuesta_v1,,datos sintéticos de ejemplo
prev_01_1_65,9100,prev_estudio,5,Prevalence,01,Amazonas,1,1,Male,65,80,,2019,2019,,,33,600,,tamizaje vascular estandarizado (sintético),TRUE,,FALSE,,FALSE,,sintetico_encuesta_v1,,datos sintéticos de ejemplo
prev_01_2_50,9100,prev_estudio,5,Prevalence,01,Amazonas,1,2,Female,50,65,,2019,2019,,,16,600,,tamizaje vascular estandarizado (sintético),TRUE,,FALSE,,FALSE,,sintetico_encuesta_v1,,datos sintéticos de ejemplo
prev_01_2_65,9100,prev_estudio,5,Prevalence,01,Amazonas,1,2,Female,65,80,,2019,2019,,,27,600,,tamizaje vascular estandarizado (sintético),TRUE,,FALSE,,FALSE,,sintetico_encuesta_v1,,datos sintéticos de ejemplo
prev_04_1_50,9100,prev_estudio,5,Prevalence,04,Arequipa,1,1,Male,50,65,,2019,2019,,,16,600,,tamizaje vascular estandarizado (sintético),TRUE,,FALSE,,FALSE,,sintetico_encuesta_v1,,datos sintéticos de ejemplo
prev_04_1_65,9100,prev_estudio,5,Prevalence,04,Arequipa,1,1,Male,65,80,,2019,2019,,,42,600,,tamizaje vascular estandarizado (sintético),TRUE,,FALSE,,FALSE,,sintetico_encuesta_v1,,datos sintéticos de ejemplo
prev_04_2_50,9100,prev_estudio,5,Prevalence,04,Arequipa,1,2,Female,50,65,,2019,2019,,,26,600,,tamizaje vascular estandarizado (sintético),TRUE,,FALSE,,FALSE,,sintetico_encuesta_v1,,datos sintéticos de ejemplo
prev_04_2_65,9100,prev_estudio,5,Prevalence,04,Arequipa,1,2,Female,65,80,,2019,2019,,,34,600,,tamizaje vascular estandarizado (sintético),TRUE,,FALSE,,FALSE,,sintetico_encuesta_v1,,datos sintéticos de ejemplo
prev_06_1_50,9100,prev_estudio,5,Prevalence,06,Cajamarca,1,1,Male,50,65,,2019,2019,,,21,600,,tamizaje vascular estandarizado (sintético),TRUE,,FALSE,,FALSE,,sintetico_encuesta_v1,,datos sintéticos de ejemplo
prev_06_1_65,9100,prev_estudio,5,Prevalence,06,Cajamarca,1,1,Male,65,80,,2019,2019,,,33,600,,tamizaje vascular estandarizado (sintético),TRUE,,FALSE,,FALSE,,sintetico_encuesta_v1,,datos sintéticos de ejemplo
prev_06_2_50,9100,prev_estudio,5,Prevalence,06,Cajamarca,1,2,Female,50,65,,2019,2019,,,17,600,,tamizaje vascular estandarizado (sintético),TRUE,,FALSE,,FALSE,,sintetico_encuesta_v1,,datos sintéticos de ejemplo
prev_06_2_65,9100,prev_estudio,5,Prevalence,06,Cajamarca,1,2,Female,65,80,,2019,2019,,,25,600,,tamizaje vascular estandarizado (sintético),TRUE,,FALSE,,FALSE,,sintetico_encuesta_v1,,datos sintéticos de ejemplo
prev_08_1_50,9100,prev_estudio,5,Prevalence,08,Cusco,1,1,Male,50,65,,2019,2019,,,19,600,,tamizaje vascular estandarizado (sintético),TRUE,,FALSE,,FALSE,,sintetico_encuesta_v1,,datos sintéticos de ejemplo
prev_08_1_65,9100,prev_estudio,5,Prevalence,08,Cusco,1,1,Male,65,80,,2019,2019,,,39,600,,tamizaje vascular estandarizado (sintético),TRUE,,FALSE,,FALSE,,sintetico_encuesta_v1,,datos sintéticos de ejemplo
prev_08_2_50,9100,prev_estudio,5,Prevalence,08,Cusco,1,2,Female,50,65,,2019,2019,,,11,600,,tamizaje vascular estandarizado (sintético),TRUE,,FALSE,,FALSE,,sintetico_encuesta_v1,,datos sintéticos de ejemplo
prev_08_2_65,9100,prev_estudio,5,Prevalence,08,Cusco,1,2,Female,65,80,,2019,2019,,,31,600,,tamizaje vascular estandarizado (sintético),TRUE,,FALSE,,FALSE,,sintetico_encuesta_v1,,datos sintéticos de ejemplo
prev_13_1_50,9100,prev_estudio,5,Prevalence,13,La Libertad,1,1,Male,50,65,,2019,2019,,,25,600,,tamizaje vascular estandarizado (sintético),TRUE,,FALSE,,FALSE,,sintetico_encuesta_v1,,datos sintéticos de ejemplo
prev_13_1_65,9100,prev_estudio,5,Prevalence,13,La Libertad,1,1,Male,65,80,,2019,2019,,,46,600,,tamizaje vascular estandarizado (sintético),TRUE,,FALSE,,FALSE,,sintetico_encuesta_v1,,datos sintéticos de ejemplo
prev_13_2_50,9100,prev_estudio,5,Prevalence,13,La Libertad,1,2,Female,50,65,,2019,2019,,,13,600,,tamizaje vascular estandarizado (sintético),TRUE,,FALSE,,FALSE,,sintetico_encuesta_v1,,datos sintéticos de ejemplo
prev_13_2_65,9100,prev_estudio,5,Prevalence,13,La Libertad,1,2,Female,65,80,,2019,2019,,,42,600,,tamizaje vascular estandarizado (sintético),TRUE,,FALSE,,FALSE,,sintetico_encuesta_v1,,datos sintéticos de ejemplo
prev_15_1_50,9100,prev_estudio,5,Prevalence,15,Lima,1,1,Male,50,65,,2019,2019,,,25,600,,tamizaje vascular estandarizado (sintético),TRUE,,FALSE,,FALSE,,sintetico_encuesta_v1,,datos sintéticos de ejemplo
prev_15_1_65,9100,prev_estudio,5,Prevalence,15,Lima,1,1,Male,65,80,,2019,2019,,,42,600,,tamizaje vascular estandarizado (sintético),TRUE,,FALSE,,FALSE,,sintetico_encuesta_v1,,datos sintéticos de ejemplo
prev_15_2_50,9100,prev_estudio,5,Prevalence,15,Lima,1,2,Female,50,65,,2019,2019,,,19,600,,tamizaje vascular estandarizado (sintético),TRUE,,FALSE,,FALSE,,sintetico_encuesta_v1,,datos sintéticos de ejemplo
prev_15_2_65,9100,prev_estudio,5,Prevalence,15,Lima,1,2,Female,65,80,,2019,2019,,,34,600,,tamizaje vascular estandarizado (sintético),TRUE,,FALSE,,FALSE,,sintetico_encuesta_v1,,datos sintéticos de ejemplo
prev_16_1_50,9100,prev_estudio,5,Prevalence,16,Loreto,1,1,Male,50,65,,2019,2019,,,22,600,,tamizaje vascular estandarizado (sintético),TRUE,,FALSE,,FALSE,,sintetico_encuesta_v1,,datos sintéticos de ejemplo
prev_16_1_65,9100,prev_estudio,5,Prevalence,16,Loreto,1,1,Male,65,80,,2019,2019,,,45,600,,tamizaje vascular estandarizado (sintético),TRUE,,FALSE,,FALSE,,sintetico_encuesta_v1,,datos sintéticos de ejemplo
prev_16_2_50,9100,prev_estudio,5,Prevalence,16,Loreto,1,2,Female,50,65,,2019,2019,,,11,600,,tamizaje vascular estandarizado (sintético),TRUE,,FALSE,,FALSE,,sintetico_encuesta_v1,,datos sintéticos de ejemplo
prev_16_2_65,9100,prev_estudio,5,Prevalence,16,Loreto,1,2,Female,65,80,,2019,2019,,,37,600,,tamizaje vascular estandarizado (sintético),TRUE,,FALSE,,FALSE,,sintetico_encuesta_v1,,datos sintéticos de ejemplo
prev_20_1_50,9100,prev_estudio,5,Prevalence,20,Piura,1,1,Male,50,65,,2019,2019,,,24,600,,tamizaje vascular estandarizado (sintético),TRUE,,FALSE,,FALSE,,sintetico_encuesta_v1,,datos sintéticos de ejemplo
prev_20_1_65,9100,prev_estudio,5,Prevalence,20,Piura,1,1,Male,65,80,,2019,2019,,,42,600,,tamizaje vascular estandarizado (sintético),TRUE,,FALSE,,FALSE,,sintetico_encuesta_v1,,datos sintéticos de ejemplo
prev_20_2_50,9100,prev_estudio,5,Prevalence,20,Piura,1,2,Female,50,65,,2019,2019,,,13,600,,tamizaje vascular estandarizado (sintético),TRUE,,FALSE,,FALSE,,sintetico_encuesta_v1,,datos sintéticos de ejemplo
prev_20_2_65,9100,prev_estudio,5,Prevalence,20,Piura,1,2,Female,65,80,,2019,2019,,,23,600,,tamizaje vascular estandarizado (sintético),TRUE,,FALSE,,FALSE,,sintetico_encuesta_v1,,datos sintéticos de ejemplo
prev_21_1_50,9100,prev_estudio,5,Prevalence,21,Puno,1,1,Male,50,65,,2019,2019,,,17,600,,tamizaje vascular estandarizado (sintético),TRUE,,FALSE,,FALSE,,sintetico_encuesta_v1,,datos sintéticos de ejemplo
prev_21_1_65,9100,prev_estudio,5,Prevalence,21,Puno,1,1,Male,65,80,,2019,2019,,,36,600,,tamizaje vascular estandarizado (sintético),TRUE,,FALSE,,FALSE,,sintetico_encuesta_v1,,datos sintéticos de ejemplo
prev_21_2_50,9100,prev_estudio,5,Prevalence,21,Puno,1,2,Female,50,65,,2019,2019,,,18,600,,tamizaje vascular estandarizado (sintético),TRUE,,FALSE,,FALSE,,sintetico_encuesta_v1,,datos sintéticos de ejemplo
prev_21_2_65,9100,prev_estudio,5,Prevalence,21,Puno,1,2,Female,65,80,,2019,2019,,,40,600,,tamizaje vascular estandarizado (sintético),TRUE,,FALSE,,FALSE,,sintetico_encuesta_v1,,datos sintéticos de ejemplo
prev_25_1_50,9100,prev_estudio,5,Prevalence,25,Ucayali,1,1,Male,50,65,,2019,2019,,,19,600,,tamizaje vascular estandarizado (sintético),TRUE,,FALSE,,FALSE,,sintetico_encuesta_v1,,datos sintéticos de ejemplo
prev_25_1_65,9100,prev_estudio,5,Prevalence,25,Ucayali,1,1,Male,65,80,,2019,2019,,,25,600,,tamizaje vascular estandarizado (sintético),TRUE,,FALSE,,FALSE,,sintetico_encuesta_v1,,datos sintéticos de ejemplo
prev_25_2_50,9100,prev_estudio,5,Prevalence,25,Ucayali,1,2,Female,50,65,,2019,2019,,,14,600,,tamizaje vascular estandarizado (sintético),TRUE,,FALSE,,FALSE,,sintetico_encuesta_v1,,datos sintéticos de ejemplo
prev_25_2_65,9100,prev_estudio,5,Prevalence,25,Ucayali,1,2,Female,65,80,,2019,2019,,,35,600,,tamizaje vascular estandarizado (sintético),TRUE,,FALSE,,FALSE,,sintetico_encuesta_v1,,datos sintéticos de ejemplo
csmr_01_1_15,9100,csmr,900006,csmr,01,Amazonas,1,1,Male,50,55,15,2019,2019,0.000603266349198942,6.03266349198942e-05,,,,"registro vital, causa básica (sintético)",TRUE,,TRUE,0.9495,FALSE,,sintetico_rv_dep_v1,,datos sintéticos de ejemplo
csmr_01_1_16,9100,csmr,900006,csmr,01,Amazonas,1,1,Male,55,60,16,2019,2019,0.000815846809604781,8.15846809604781e-05,,,,"registro vital, causa básica (sintético)",TRUE,,TRUE,0.8679,FALSE,,sintetico_rv_dep_v1,,datos sintéticos de ejemplo
csmr_01_1_17,9100,csmr,900006,csmr,01,Amazonas,1,1,Male,60,65,17,2019,2019,0.00142085806541763,0.000142085806541763,,,,"registro vital, causa básica (sintético)",TRUE,,TRUE,0.8757,FALSE,,sintetico_rv_dep_v1,,datos sintéticos de ejemplo
csmr_01_1_18,9100,csmr,900006,csmr,01,Amazonas,1,1,Male,65,70,18,2019,2019,0.0019383910192534,0.00019383910192534,,,,"registro vital, causa básica (sintético)",TRUE,,TRUE,0.8789,FALSE,,sintetico_rv_dep_v1,,datos sintéticos de ejemplo
csmr_01_1_19,9100,csmr,900006,csmr,01,Amazonas,1,1,Male,70,75,19,2019,2019,0.00269344931406866,0.000269344931406866,,,,"registro vital, causa básica (sintético)",TRUE,,TRUE,0.9133,FALSE,,sintetico_rv_dep_v1,,datos sintéticos de ejemplo
csmr_01_1_20,9100,csmr,900006,csmr,01,Amazonas,1,1,Male,75,80,20,2019,2019,0.00433066678077303,0.000433066678077303,,,,"registro vital, causa básica (sintético)",TRUE,,TRUE,0.937,FALSE,,sintetico_rv_dep_v1,,datos sintéticos de ejemplo
csmr_01_2_15,9100,csmr,900006,csmr,01,Amazonas,1,2,Female,50,55,15,2019,2019,0.000522359624992048,5.22359624992048e-05,,,,"registro vital, causa básica (sintético)",TRUE,,TRUE,0.9414,FALSE,,sintetico_rv_dep_v1,,datos sintéticos de ejemplo
csmr_01_2_16,9100,csmr,900006,csmr,01,Amazonas,1,2,Female,55,60,16,2019,2019,0.000785443139253724,7.85443139253724e-05,,,,"registro vital, causa básica (sintético)",TRUE,,TRUE,0.9102,FALSE,,sintetico_rv_dep_v1,,datos sintéticos de ejemplo
csmr_01_2_17,9100,csmr,900006,csmr,01,Amazonas,1,2,Female,60,65,17,2019,2019,0.00110775767704602,0.000110775767704602,,,,"registro vital, causa básica (sintético)",TRUE,,TRUE,0.9252,FALSE,,sintetico_rv_dep_v1,,datos sintéticos de ejemplo
csmr_01_2_18,9100,csmr,900006,csmr,01,Amazonas,1,2,Female,65,70,18,2019,2019,0.00163390456882314,0.000163390456882314,,,,"registro vital, causa básica (sintético)",TRUE,,TRUE,0.8624,FALSE,,sintetico_rv_dep_v1,,datos sintéticos de ejemplo
csmr_01_2_19,9100,csmr,900006,csmr,01,Amazonas,1,2,Female,70,75,19,2019,2019,0.00230628463876023,0.000230628463876024,,,,"registro vital, causa básica (sintético)",TRUE,,TRUE,0.8883,FALSE,,sintetico_rv_dep_v1,,datos sintéticos de ejemplo
csmr_01_2_20,9100,csmr,900006,csmr,01,Amazonas,1,2,Female,75,80,20,2019,2019,0.00340472857499426,0.000340472857499426,,,,"registro vital, causa básica (sintético)",TRUE,,TRUE,0.913,FALSE,,sintetico_rv_dep_v1,,datos sintéticos de ejemplo
csmr_04_1_15,9100,csmr,900006,csmr,04,Arequipa,1,1,Male,50,55,15,2019,2019,0.000420410045841489,4.20410045841489e-05,,,,"registro vital, causa básica (sintético)",TRUE,,TRUE,0.9445,FALSE,,sintetico_rv_dep_v1,,datos sintéticos de ejemplo
csmr_04_1_16,9100,csmr,900006,csmr,04,Arequipa,1,1,Male,55,60,16,2019,2019,0.000698837177854968,6.98837177854968e-05,,,,"registro vital, causa básica (sintético)",TRUE,,TRUE,0.9074,FALSE,,sintetico_rv_dep_v1,,datos sintéticos de ejemplo
csmr_04_1_17,9100,csmr,900006,csmr,04,Arequipa,1,1,Male,60,65,17,2019,2019,0.00110764440455781,0.000110764440455781,,,,"registro vital, causa básica (sintético)",TRUE,,TRUE,0.8938,FALSE,,sintetico_rv_dep_v1,,datos sintéticos de ejemplo
csmr_04_1_18,9100,csmr,900006,csmr,04,Arequipa,1,1,Male,65,70,18,2019,2019,0.00163652403561135,0.000163652403561135,,,,"registro vital, causa básica (sintético)",TRUE,,TRUE,0.8786,FALSE,,sintetico_rv_dep_v1,,datos sintéticos de ejemplo
csmr_04_1_19,9100,csmr,900006,csmr,04,Arequipa,1,1,Male,70,75,19,2019,2019,0.00243341720028649,0.000243341720028649,,,,"registro vital, causa básica (sintético)",TRUE,,TRUE,0.8871,FALSE,,sintetico_rv_dep_v1,,datos sintéticos de ejemplo
csmr_04_1_20,9100,csmr,900006,csmr,04,Arequipa,1,1,Male,75,80,20,2019,2019,0.0032080106981831,0.00032080106981831,,,,"registro vital, causa básica (sintético)",TRUE,,TRUE,0.941,FALSE,,sintetico_rv_dep_v1,,datos sintéticos de ejemplo
csmr_04_2_15,9100,csmr,900006,csmr,04,Arequipa,1,2,Female,50,55,15,2019,2019,0.000424002498294173,4.24002498294173e-05,,,,"registro vital, causa básica (sintético)",TRUE,,TRUE,0.8974,FALSE,,sintetico_rv_dep_v1,,datos sintéticos de ejemplo
csmr_04_2_16,9100,csmr,900006,csmr,04,Arequipa,1,2,Female,55,60,16,2019,2019,0.000576416669920746,5.76416669920746e-05,,,,"registro vital, causa básica (sintético)",TRUE,,TRUE,0.8817,FALSE,,sintetico_rv_dep_v1,,datos sintéticos de ejemplo
csmr_04_2_17,9100,csmr,900006,csmr,04,Arequipa,1,2,Female,60,65,17,2019,2019,0.000886586152630279,8.86586152630279e-05,,,,"registro vital, causa básica (sintético)",TRUE,,TRUE,0.9425,FALSE,,sintetico_rv_dep_v1,,datos sintéticos de ejemplo
csmr_04_2_18,9100,csmr,900006,csmr,04,Arequipa,1,2,Female,65,70,18,2019,2019,0.00134154745334457,0.000134154745334457,,,,"registro vital, causa básica (sintético)",TRUE,,TRUE,0.9184,FALSE,,sintetico_rv_dep_v1,,datos sintéticos de ejemplo
csmr_04_2_19,9100,csmr,900006,csmr,04,Arequipa,1,2,Female,70,75,19,2019,2019,0.00180813979301304,0.000180813979301304,,,,"registro vital, causa básica (sintético)",TRUE,,TRUE,0.8684,FALSE,,sintetico_rv_dep_v1,,datos sintéticos de ejemplo
csmr_04_2_20,9100,csmr,900006,csmr,04,Arequipa,1,2,Female,75,80,20,2019,2019,0.00267461159245911,0.000267461159245911,,,,"registro vital, causa básica (sintético)",TRUE,,TRUE,0.9158,FALSE,,sintetico_rv_dep_v1,,datos sintéticos de ejemplo
csmr_06_1_15,9100,csmr,900006,csmr,06,Cajamarca,1,1,Male,50,55,15,2019,2019,0.000648743699228536,6.48743699228536e-05,,,,"registro vital, causa básica (sintético)",TRUE,,TRUE,0.9027,FALSE,,sintetico_rv_dep_v1,,datos sintéticos de ejemplo
csmr_06_1_16,9100,csmr,900006,csmr,06,Cajamarca,1,1,Male,55,60,16,2019,2019,0.000880534830631059,8.80534830631059e-05,,,,"registro vital, causa básica (sintético)",TRUE,,TRUE,0.8775,FALSE,,sintetico_rv_dep_v1,,datos sintéticos de ejemplo
csmr_06_1_17,9100,csmr,900006,csmr,06,Cajamarca,1,1,Male,60,65,17,2019,2019,0.0013389098010008,0.00013389098010008,,,,"registro vital, causa básica (sintético)",TRUE,,TRUE,0.8529,FALSE,,sintetico_rv_dep_v1,,datos sintéticos de ejemplo
csmr_06_1_18,9100,csmr,900006,csmr,06,Cajamarca,1,1,Male,65,70,18,2019,2019,0.00208922341572809,0.000208922341572809,,,,"registro vital, causa básica (sintético)",TRUE,,TRUE,0.884,FALSE,,sintetico_rv_dep_v1,,datos sintéticos de ejemplo
csmr_06_1_19,9100,csmr,900006,csmr,06,Cajamarca,1,1,Male,70,75,19,2019,2019,0.00253724725281523,0.000253724725281523,,,,"registro vital, causa básica (sintético)",TRUE,,TRUE,0.9489,FALSE,,sintetico_rv_dep_v1,,datos sintéticos de ejemplo
csmr_06_1_20,9100,csmr,900006,csmr,06,Cajamarca,1,1,Male,75,80,20,2019,2019,0.00387456085545856,0.000387456085545856,,,,"registro vital, causa básica (sintético)",TRUE,,TRUE,0.9165,FALSE,,sintetico_rv_dep_v1,,datos sintéticos de ejemplo
csmr_06_2_15,9100,csmr,900006,csmr,06,Cajamarca,1,2,Female,50,55,15,2019,2019,0.000467032546339416,4.67032546339416e-05,,,,"registro vital, causa básica (sintético)",TRUE,,TRUE,0.9454,FALSE,,sintetico_rv_dep_v1,,datos sintéticos de ejemplo
csmr_06_2_16,9100,csmr,900006,csmr,06,Cajamarca,1,2,Female,55,60,16,2019,2019,0.000849160107109461,8.49160107109461e-05,,,,"registro vital, causa básica (sintético)",TRUE,,TRUE,0.8743,FALSE,,sintetico_rv_dep_v1,,datos sintéticos de ejemplo
csmr_06_2_17,9100,csmr,900006,csmr,06,Cajamarca,1,2,Female,60,65,17,2019,2019,0.00103133731858124,0.000103133731858124,,,,"registro vital, causa básica (sintético)",TRUE,,TRUE,0.8636,FALSE,,sintetico_rv_dep_v1,,datos sintéticos de ejemplo
csmr_06_2_18,9100,csmr,900006,csmr,06,Cajamarca,1,2,Female,65,70,18,2019,2019,0.0016287251710312,0.00016287251710312,,,,"registro vital, causa básica (sintético)",TRUE,,TRUE,0.8711,FALSE,,sintetico_rv_dep_v1,,datos sintéticos de ejemplo
csmr_06_2_19,9100,csmr,900006,csmr,06,Cajamarca,1,2,Female,70,75,19,2019,2019,0.0023227800583031,0.00023227800583031,,,,"registro vital, causa básica (sintético)",TRUE,,TRUE,0.9457,FALSE,,sintetico_rv_dep_v1,,datos sintéticos de ejemplo
csmr_06_2_20,9100,csmr,900006,csmr,06,Cajamarca,1,2,Female,75,80,20,2019,2019,0.003028273503939,0.0003028273503939,,,,"registro vital, causa básica (sintético)",TRUE,,TRUE,0.9221,FALSE,,sintetico_rv_dep_v1,,datos sintéticos de ejemplo
csmr_08_1_15,9100,csmr,900006,csmr,08,Cusco,1,1,Male,50,55,15,2019,2019,0.000575563271680951,5.75563271680951e-05,,,,"registro vital, causa básica (sintético)",TRUE,,TRUE,0.9351,FALSE,,sintetico_rv_dep_v1,,datos sintéticos de ejemplo
csmr_08_1_16,9100,csmr,900006,csmr,08,Cusco,1,1,Male,55,60,16,2019,2019,0.000923195502556386,9.23195502556386e-05,,,,"registro vital, causa básica (sintético)",TRUE,,TRUE,0.9286,FALSE,,sintetico_rv_dep_v1,,datos sintéticos de ejemplo
csmr_08_1_17,9100,csmr,900006,csmr,08,Cusco,1,1,Male,60,65,17,2019,2019,0.00144978764993425,0.000144978764993425,,,,"registro vital, causa básica (sintético)",TRUE,,TRUE,0.8903,FALSE,,sintetico_rv_dep_v1,,datos sintéticos de ejemplo
csmr_08_1_18,9100,csmr,900006,csmr,08,Cusco,1,1,Male,65,70,18,2019,2019,0.00214642661573335,0.000214642661573335,,,,"registro vital, causa básica (sintético)",TRUE,,TRUE,0.9355,FALSE,,sintetico_rv_dep_v1,,datos sintéticos de ejemplo
csmr_08_1_19,9100,csmr,900006,csmr,08,Cusco,1,1,Male,70,75,19,2019,2019,0.00276283971862289,0.000276283971862289,,,,"registro vital, causa básica (sintético)",TRUE,,TRUE,0.9187,FALSE,,sintetico_rv_dep_v1,,datos sintéticos de ejemplo
csmr_08_1_20,9100,csmr,900006,csmr,08,Cusco,1,1,Male,75,80,20,2019,2019,0.00347986457049987,0.000347986457049987,,,,"registro vital, causa básica (sintético)",TRUE,,TRUE,0.9426,FALSE,,sintetico_rv_dep_v1,,datos sintéticos de ejemplo
csmr_08_2_15,9100,csmr,900006,csmr,08,Cusco,1,2,Female,50,55,15,2019,2019,0.000514800192131134,5.14800192131134e-05,,,,"registro vital, causa básica (sintético)",TRUE,,TRUE,0.9292,FALSE,,sintetico_rv_dep_v1,,datos sintéticos de ejemplo
csmr_08_2_16,9100,csmr,900006,csmr,08,Cusco,1,2,Female,55,60,16,2019,2019,0.000730422590196297,7.30422590196297e-05,,,,"registro vital, causa básica (sintético)",TRUE,,TRUE,0.8908,FALSE,,sintetico_rv_dep_v1,,datos sintéticos de ejemplo
csmr_08_2_17,9100,csmr,900006,csmr,08,Cusco,1,2,Female,60,65,17,2019,2019,0.00105173747702056,0.000105173747702056,,,,"registro vital, causa básica (sintético)",TRUE,,TRUE,0.8502,FALSE,,sintetico_rv_dep_v1,,datos sintéticos de ejemplo
csmr_08_2_18,9100,csmr,900006,csmr,08,Cusco,1,2,Female,65,70,18,2019,2019,0.00157026962160518,0.000157026962160518,,,,"registro vital, causa básica (sintético)",TRUE,,TRUE,0.8814,FALSE,,sintetico_rv_dep_v1,,datos sintéticos de ejemplo
csmr_08_2_19,9100,csmr,900006,csmr,08,Cusco,1,2,Female,70,75,19,2019,2019,0.00238716765969312,0.000238716765969312,,,,"registro vital, causa básica (sintético)",TRUE,,TRUE,0.9179,FALSE,,sintetico_rv_dep_v1,,datos sintéticos de ejemplo
csmr_08_2_20,9100,csmr,900006,csmr,08,Cusco,1,2,Female,75,80,20,2019,2019,0.00319844204196489,0.000319844204196489,,,,"registro vital, causa básica (sintético)",TRUE,,TRUE,0.9335,FALSE,,sintetico_rv_dep_v1,,datos sintéticos de ejemplo
csmr_13_1_15,9100,csmr,900006,csmr,13,La Libertad,1,1,Male,50,55,15,2019,2019,0.00054568064391267,5.4568064391267e-05,,,,"registro vital, causa básica (sintético)",TRUE,,TRUE,0.8984,FALSE,,sintetico_rv_dep_v1,,datos sintéticos de ejemplo
csmr_13_1_16,9100,csmr,900006,csmr,13,La Libertad,1,1,Male,55,60,16,2019,2019,0.000742784603883357,7.42784603883357e-05,,,,"registro vital, causa básica (sintético)",TRUE,,TRUE,0.8653,FALSE,,sintetico_rv_dep_v1,,datos sintéticos de ejemplo
csmr_13_1_17,9100,csmr,900006,csmr,13,La Libertad,1,1,Male,60,65,17,2019,2019,0.00133063797754942,0.000133063797754942,,,,"registro vital, causa básica (sintético)",TRUE,,TRUE,0.9044,FALSE,,sintetico_rv_dep_v1,,datos sintéticos de ejemplo
csmr_13_1_18,9100,csmr,900006,csmr,13,La Libertad,1,1,Male,65,70,18,2019,2019,0.00186507579291581,0.000186507579291581,,,,"registro vital, causa básica (sintético)",TRUE,,TRUE,0.9053,FALSE,,sintetico_rv_dep_v1,,datos sintéticos de ejemplo
csmr_13_1_19,9100,csmr,900006,csmr,13,La Libertad,1,1,Male,70,75,19,2019,2019,0.00263437029287233,0.000263437029287233,,,,"registro vital, causa básica (sintético)",TRUE,,TRUE,0.8677,FALSE,,sintetico_rv_dep_v1,,datos sintéticos de ejemplo
csmr_13_1_20,9100,csmr,900006,csmr,13,La Libertad,1,1,Male,75,80,20,2019,2019,0.00348970421033396,0.000348970421033396,,,,"registro vital, causa básica (sintético)",TRUE,,TRUE,0.9446,FALSE,,sintetico_rv_dep_v1,,datos sintéticos de ejemplo
csmr_13_2_15,9100,csmr,900006,csmr,13,La Libertad,1,2,Female,50,55,15,2019,2019,0.000439576463373958,4.39576463373958e-05,,,,"registro vital, causa básica (sintético)",TRUE,,TRUE,0.8517,FALSE,,sintetico_rv_dep_v1,,datos sintéticos de ejemplo
csmr_13_2_16,9100,csmr,900006,csmr,13,La Libertad,1,2,Female,55,60,16,2019,2019,0.000655657395662679,6.55657395662679e-05,,,,"registro vital, causa básica (sintético)",TRUE,,TRUE,0.8804,FALSE,,sintetico_rv_dep_v1,,datos sintéticos de ejemplo
csmr_13_2_17,9100,csmr,900006,csmr,13,La Libertad,1,2,Female,60,65,17,2019,2019,0.00105065094013396,0.000105065094013396,,,,"registro vital, causa básica (sintético)",TRUE,,TRUE,0.9491,FALSE,,sintetico_rv_dep_v1,,datos sintéticos de ejemplo
csmr_13_2_18,9100,csmr,900006,csmr,13,La Libertad,1,2,Female,65,70,18,2019,2019,0.00150462573000348,0.000150462573000348,,,,"registro vital, causa básica (sintético)",TRUE,,TRUE,0.942,FALSE,,sintetico_rv_dep_v1,,datos sintéticos de ejemplo
csmr_13_2_19,9100,csmr,900006,csmr,13,La Libertad,1,2,Female,70,75,19,2019,2019,0.0021309876541186,0.00021309876541186,,,,"registro vital, causa básica (sintético)",TRUE,,TRUE,0.856,FALSE,,sintetico_rv_dep_v1,,datos sintéticos de ejemplo
csmr_13_2_20,9100,csmr,900006,csmr,13,La Libertad,1,2,Female,75,80,20,2019,2019,0.00312377937497275,0.000312377937497275,,,,"registro vital, causa básica (sintético)",TRUE,,TRUE,0.9106,FALSE,,sintetico_rv_dep_v1,,datos sintéticos de ejemplo
csmr_15_1_15,9100,csmr,900006,csmr,15,Lima,1,1,Male,50,55,15,2019,2019,0.000439312271099228,4.39312271099228e-05,,,,"registro vital, causa básica (sintético)",TRUE,,TRUE,0.9227,FALSE,,sintetico_rv_dep_v1,,datos sintéticos de ejemplo
csmr_15_1_16,9100,csmr,900006,csmr,15,Lima,1,1,Male,55,60,16,2019,2019,0.000726192084338377,7.26192084338377e-05,,,,"registro vital, causa básica (sintético)",TRUE,,TRUE,0.9261,FALSE,,sintetico_rv_dep_v1,,datos sintéticos de ejemplo
csmr_15_1_17,9100,csmr,900006,csmr,15,Lima,1,1,Male,60,65,17,2019,2019,0.000904517045203729,9.04517045203729e-05,,,,"registro vital, causa básica (sintético)",TRUE,,TRUE,0.9439,FALSE,,sintetico_rv_dep_v1,,datos sintéticos de ejemplo
csmr_15_1_18,9100,csmr,900006,csmr,15,Lima,1,1,Male,65,70,18,2019,2019,0.00144856178830035,0.000144856178830035,,,,"registro vital, causa básica (sintético)",TRUE,,TRUE,0.8541,FALSE,,sintetico_rv_dep_v1,,datos sintéticos de ejemplo
csmr_15_1_19,9100,csmr,900006,csmr,15,Lima,1,1,Male,70,75,19,2019,2019,0.00204612798486146,0.000204612798486146,,,,"registro vital, causa básica (sintético)",TRUE,,TRUE,0.8839,FALSE,,sintetico_rv_dep_v1,,datos sintéticos de ejemplo
csmr_15_1_20,9100,csmr,900006,csmr,15,Lima,1,1,Male,75,80,20,2019,2019,0.00301152774777334,0.000301152774777334,,,,"registro vital, causa básica (sintético)",TRUE,,TRUE,0.9207,FALSE,,sintetico_rv_dep_v1,,datos sintéticos de ejemplo
csmr_15_2_15,9100,csmr,900006,csmr,15,Lima,1,2,Female,50,55,15,2019,2019,0.000364413963395356,3.64413963395356e-05,,,,"registro vital, causa básica (sintético)",TRUE,,TRUE,0.9023,FALSE,,sintetico_rv_dep_v1,,datos sintéticos de ejemplo
csmr_15_2_16,9100,csmr,900006,csmr,15,Lima,1,2,Female,55,60,16,2019,2019,0.000517775370656511,5.17775370656511e-05,,,,"registro vital, causa básica (sintético)",TRUE,,TRUE,0.9391,FALSE,,sintetico_rv_dep_v1,,datos sintéticos de ejemplo
csmr_15_2_17,9100,csmr,900006,csmr,15,Lima,1,2,Female,60,65,17,2019,2019,0.000888732217900031,8.88732217900031e-05,,,,"registro vital, causa básica (sintético)",TRUE,,TRUE,0.9159,FALSE,,sintetico_rv_dep_v1,,datos sintéticos de ejemplo
csmr_15_2_18,9100,csmr,900006,csmr,15,Lima,1,2,Female,65,70,18,2019,2019,0.00114275333241342,0.000114275333241342,,,,"registro vital, causa básica (sintético)",TRUE,,TRUE,0.8805,FALSE,,sintetico_rv_dep_v1,,datos sintéticos de ejemplo
csmr_15_2_19,9100,csmr,900006,csmr,15,Lima,1,2,Female,70,75,19,2019,2019,0.00184266173393365,0.000184266173393365,,,,"registro vital, causa básica (sintético)",TRUE,,TRUE,0.9405,FALSE,,sintetico_rv_dep_v1,,datos sintéticos de ejemplo
csmr_15_2_20,9100,csmr,900006,csmr,15,Lima,1,2,Female,75,80,20,2019,2019,0.00265462718730119,0.000265462718730119,,,,"registro vital, causa básica (sintético)",TRUE,,TRUE,0.9238,FALSE,,sintetico_rv_dep_v1,,datos sintéticos de ejemplo
csmr_16_1_15,9100,csmr,900006,csmr,16,Loreto,1,1,Male,50,55,15,2019,2019,0.000582281766815925,5.82281766815925e-05,,,,"registro vital, causa básica (sintético)",TRUE,,TRUE,0.868,FALSE,,sintetico_rv_dep_v1,,datos sintéticos de ejemplo
csmr_16_1_16,9100,csmr,900006,csmr,16,Loreto,1,1,Male,55,60,16,2019,2019,0.000944438882465628,9.44438882465628e-05,,,,"registro vital, causa básica (sintético)",TRUE,,TRUE,0.911,FALSE,,sintetico_rv_dep_v1,,datos sintéticos de ejemplo
csmr_16_1_17,9100,csmr,900006,csmr,16,Loreto,1,1,Male,60,65,17,2019,2019,0.00144550509258035,0.000144550509258035,,,,"registro vital, causa básica (sintético)",TRUE,,TRUE,0.8675,FALSE,,sintetico_rv_dep_v1,,datos sintéticos de ejemplo
csmr_16_1_18,9100,csmr,900006,csmr,16,Loreto,1,1,Male,65,70,18,2019,2019,0.00195147261935741,0.000195147261935741,,,,"registro vital, causa básica (sintético)",TRUE,,TRUE,0.9225,FALSE,,sintetico_rv_dep_v1,,datos sintéticos de ejemplo
csmr_16_1_19,9100,csmr,900006,csmr,16,Loreto,1,1,Male,70,75,19,2019,2019,0.00266820204954818,0.000266820204954818,,,,"registro vital, causa básica (sintético)",TRUE,,TRUE,0.8878,FALSE,,sintetico_rv_dep_v1,,datos sintéticos de ejemplo
csmr_16_1_20,9100,csmr,900006,csmr,16,Loreto,1,1,Male,75,80,20,2019,2019,0.00379793063756419,0.000379793063756419,,,,"registro vital, causa básica (sintético)",TRUE,,TRUE,0.919,FALSE,,sintetico_rv_dep_v1,,datos sintéticos de ejemplo
csmr_16_2_15,9100,csmr,900006,csmr,16,Loreto,1,2,Female,50,55,15,2019,2019,0.000494127235147974,4.94127235147974e-05,,,,"registro vital, causa básica (sintético)",TRUE,,TRUE,0.8787,FALSE,,sintetico_rv_dep_v1,,datos sintéticos de ejemplo
csmr_16_2_16,9100,csmr,900006,csmr,16,Loreto,1,2,Female,55,60,16,2019,2019,0.000765182937839884,7.65182937839884e-05,,,,"registro vital, causa básica (sintético)",TRUE,,TRUE,0.9329,FALSE,,sintetico_rv_dep_v1,,datos sintéticos de ejemplo
csmr_16_2_17,9100,csmr,900006,csmr,16,Loreto,1,2,Female,60,65,17,2019,2019,0.00111689114344964,0.000111689114344964,,,,"registro vital, causa básica (sintético)",TRUE,,TRUE,0.8626,FALSE,,sintetico_rv_dep_v1,,datos sintéticos de ejemplo
csmr_16_2_18,9100,csmr,900006,csmr,16,Loreto,1,2,Female,65,70,18,2019,2019,0.00159452408705396,0.000159452408705396,,,,"registro vital, causa básica (sintético)",TRUE,,TRUE,0.853,FALSE,,sintetico_rv_dep_v1,,datos sintéticos de ejemplo
csmr_16_2_19,9100,csmr,900006,csmr,16,Loreto,1,2,Female,70,75,19,2019,2019,0.00244531940964484,0.000244531940964484,,,,"registro vital, causa básica (sintético)",TRUE,,TRUE,0.9027,FALSE,,sintetico_rv_dep_v1,,datos sintéticos de ejemplo
csmr_16_2_20,9100,csmr,900006,csmr,16,Loreto,1,2,Female,75,80,20,2019,2019,0.00305217910379184,0.000305217910379184,,,,"registro vital, causa básica (sintético)",TRUE,,TRUE,0.9467,FALSE,,sintetico_rv_dep_v1,,datos sintéticos de ejemplo
csmr_20_1_15,9100,csmr,900006,csmr,20,Piura,1,1,Male,50,55,15,2019,2019,0.0004634509604679,4.634509604679e-05,,,,"registro vital, causa básica (sintético)",TRUE,,TRUE,0.8977,FALSE,,sintetico_rv_dep_v1,,datos sintéticos de ejemplo
csmr_20_1_16,9100,csmr,900006,csmr,20,Piura,1,1,Male,55,60,16,2019,2019,0.000691062561949429,6.91062561949429e-05,,,,"registro vital, causa básica (sintético)",TRUE,,TRUE,0.861,FALSE,,sintetico_rv_dep_v1,,datos sintéticos de ejemplo
csmr_20_1_17,9100,csmr,900006,csmr,20,Piura,1,1,Male,60,65,17,2019,2019,0.00108145671861099,0.000108145671861099,,,,"registro vital, causa básica (sintético)",TRUE,,TRUE,0.8786,FALSE,,sintetico_rv_dep_v1,,datos sintéticos de ejemplo
csmr_20_1_18,9100,csmr,900006,csmr,20,Piura,1,1,Male,65,70,18,2019,2019,0.00171680415489965,0.000171680415489965,,,,"registro vital, causa básica (sintético)",TRUE,,TRUE,0.903,FALSE,,sintetico_rv_dep_v1,,datos sintéticos de ejemplo
csmr_20_1_19,9100,csmr,900006,csmr,20,Piura,1,1,Male,70,75,19,2019,2019,0.00251991708231129,0.000251991708231129,,,,"registro vital, causa básica (sintético)",TRUE,,TRUE,0.8824,FALSE,,sintetico_rv_dep_v1,,datos sintéticos de ejemplo
csmr_20_1_20,9100,csmr,900006,csmr,20,Piura,1,1,Male,75,80,20,2019,2019,0.00325654208856217,0.000325654208856217,,,,"registro vital, causa básica (sintético)",TRUE,,TRUE,0.9393,FALSE,,sintetico_rv_dep_v1,,datos sintéticos de ejemplo
csmr_20_2_15,9100,csmr,900006,csmr,20,Piura,1,2,Female,50,55,15,2019,2019,0.000369566180645403,3.69566180645403e-05,,,,"registro vital, causa básica (sintético)",TRUE,,TRUE,0.8945,FALSE,,sintetico_rv_dep_v1,,datos sintéticos de ejemplo
csmr_20_2_16,9100,csmr,900006,csmr,20,Piura,1,2,Female,55,60,16,2019,2019,0.000605245627473331,6.05245627473331e-05,,,,"registro vital, causa básica (sintético)",TRUE,,TRUE,0.8832,FALSE,,sintetico_rv_dep_v1,,datos sintéticos de ejemplo
csmr_20_2_17,9100,csmr,900006,csmr,20,Piura,1,2,Female,60,65,17,2019,2019,0.000868816495433911,8.68816495433911e-05,,,,"registro vital, causa básica (sintético)",TRUE,,TRUE,0.9482,FALSE,,sintetico_rv_dep_v1,,datos sintéticos de ejemplo
csmr_20_2_18,9100,csmr,900006,csmr,20,Piura,1,2,Female,65,70,18,2019,2019,0.00126131392044225,0.000126131392044225,,,,"registro vital, causa básica (sintético)",TRUE,,TRUE,0.9112,FALSE,,sintetico_rv_dep_v1,,datos sintéticos de ejemplo
csmr_20_2_19,9100,csmr,900006,csmr,20,Piura,1,2,Female,70,75,19,2019,2019,0.00170224235800447,0.000170224235800447,,,,"registro vital, causa básica (sintético)",TRUE,,TRUE,0.8583,FALSE,,sintetico_rv_dep_v1,,datos sintéticos de ejemplo
csmr_20_2_20,9100,csmr,900006,csmr,20,Piura,1,2,Female,75,80,20,2019,2019,0.00238483013996107,0.000238483013996107,,,,"registro vital, causa básica (sintético)",TRUE,,TRUE,0.8853,FALSE,,sintetico_rv_dep_v1,,datos sintéticos de ejemplo
csmr_21_1_15,9100,csmr,900006,csmr,21,Puno,1,1,Male,50,55,15,2019,2019,0.000554309476838736,5.54309476838736e-05,,,,"registro vital, causa básica (sintético)",TRUE,,TRUE,0.907,FALSE,,sintetico_rv_dep_v1,,datos sintéticos de ejemplo
csmr_21_1_16,9100,csmr,900006,csmr,21,Puno,1,1,Male,55,60,16,2019,2019,0.000842962404741019,8.42962404741019e-05,,,,"registro vital, causa básica (sintético)",TRUE,,TRUE,0.9091,FALSE,,sintetico_rv_dep_v1,,datos sintéticos de ejemplo
csmr_21_1_17,9100,csmr,900006,csmr,21,Puno,1,1,Male,60,65,17,2019,2019,0.00139351322040678,0.000139351322040678,,,,"registro vital, causa básica (sintético)",TRUE,,TRUE,0.9151,FALSE,,sintetico_rv_dep_v1,,datos sintéticos de ejemplo
csmr_21_1_18,9100,csmr,900006,csmr,21,Puno,1,1,Male,65,70,18,2019,2019,0.0017801575862347,0.00017801575862347,,,,"registro vital, causa básica (sintético)",TRUE,,TRUE,0.9215,FALSE,,sintetico_rv_dep_v1,,datos sintéticos de ejemplo
csmr_21_1_19,9100,csmr,900006,csmr,21,Puno,1,1,Male,70,75,19,2019,2019,0.00267721093749181,0.000267721093749181,,,,"registro vital, causa básica (sintético)",TRUE,,TRUE,0.9112,FALSE,,sintetico_rv_dep_v1,,datos sintéticos de ejemplo
csmr_21_1_20,9100,csmr,900006,csmr,21,Puno,1,1,Male,75,80,20,2019,2019,0.00369944420233635,0.000369944420233635,,,,"registro vital, causa básica (sintético)",TRUE,,TRUE,0.9154,FALSE,,sintetico_rv_dep_v1,,datos sintéticos de ejemplo
csmr_21_2_15,9100,csmr,900006,csmr,21,Puno,1,2,Female,50,55,15,2019,2019,0.000467033119705924,4.67033119705924e-05,,,,"registro vital, causa básica (sintético)",TRUE,,TRUE,0.8505,FALSE,,sintetico_rv_dep_v1,,datos sintéticos de ejemplo
csmr_21_2_16,9100,csmr,900006,csmr,21,Puno,1,2,Female,55,60,16,2019,2019,0.000778475589188149,7.78475589188149e-05,,,,"registro vital, causa básica (sintético)",TRUE,,TRUE,0.8566,FALSE,,sintetico_rv_dep_v1,,datos sintéticos de ejemplo
csmr_21_2_17,9100,csmr,900006,csmr,21,Puno,1,2,Female,60,65,17,2019,2019,0.00110852164117706,0.000110852164117706,,,,"registro vital, causa básica (sintético)",TRUE,,TRUE,0.8778,FALSE,,sintetico_rv_dep_v1,,datos sintéticos de ejemplo
csmr_21_2_18,9100,csmr,900006,csmr,21,Puno,1,2,Female,65,70,18,2019,2019,0.00158891187860458,0.000158891187860458,,,,"registro vital, causa básica (sintético)",TRUE,,TRUE,0.8689,FALSE,,sintetico_rv_dep_v1,,datos sintéticos de ejemplo
csmr_21_2_19,9100,csmr,900006,csmr,21,Puno,1,2,Female,70,75,19,2019,2019,0.00208949797946878,0.000208949797946878,,,,"registro vital, causa básica (sintético)",TRUE,,TRUE,0.9009,FALSE,,sintetico_rv_dep_v1,,datos sintéticos de ejemplo
csmr_21_2_20,9100,csmr,900006,csmr,21,Puno,1,2,Female,75,80,20,2019,2019,0.00294200395594842,0.000294200395594842,,,,"registro vital, causa básica (sintético)",TRUE,,TRUE,0.8861,FALSE,,sintetico_rv_dep_v1,,datos sintéticos de ejemplo
csmr_25_1_15,9100,csmr,900006,csmr,25,Ucayali,1,1,Male,50,55,15,2019,2019,0.000594613922707839,5.94613922707839e-05,,,,"registro vital, causa básica (sintético)",TRUE,,TRUE,0.9456,FALSE,,sintetico_rv_dep_v1,,datos sintéticos de ejemplo
csmr_25_1_16,9100,csmr,900006,csmr,25,Ucayali,1,1,Male,55,60,16,2019,2019,0.000911378022261785,9.11378022261785e-05,,,,"registro vital, causa básica (sintético)",TRUE,,TRUE,0.8826,FALSE,,sintetico_rv_dep_v1,,datos sintéticos de ejemplo
csmr_25_1_17,9100,csmr,900006,csmr,25,Ucayali,1,1,Male,60,65,17,2019,2019,0.00126757586956292,0.000126757586956292,,,,"registro vital, causa básica (sintético)",TRUE,,TRUE,0.8993,FALSE,,sintetico_rv_dep_v1,,datos sintéticos de ejemplo
csmr_25_1_18,9100,csmr,900006,csmr,25,Ucayali,1,1,Male,65,70,18,2019,2019,0.00183913280249656,0.000183913280249656,,,,"registro vital, causa básica (sintético)",TRUE,,TRUE,0.9189,FALSE,,sintetico_rv_dep_v1,,datos sintéticos de ejemplo
csmr_25_1_19,9100,csmr,900006,csmr,25,Ucayali,1,1,Male,70,75,19,2019,2019,0.00281923996040339,0.000281923996040339,,,,"registro vital, causa básica (sintético)",TRUE,,TRUE,0.8968,FALSE,,sintetico_rv_dep_v1,,datos sintéticos de ejemplo
csmr_25_1_20,9100,csmr,900006,csmr,25,Ucayali,1,1,Male,75,80,20,2019,2019,0.00409695611888491,0.000409695611888491,,,,"registro vital, causa básica (sintético)",TRUE,,TRUE,0.8878,FALSE,,sintetico_rv_dep_v1,,datos sintéticos de ejemplo
csmr_25_2_15,9100,csmr,900006,csmr,25,Ucayali,1,2,Female,50,55,15,2019,2019,0.000539863384348634,5.39863384348634e-05,,,,"registro vital, causa básica (sintético)",TRUE,,TRUE,0.9312,FALSE,,sintetico_rv_dep_v1,,datos sintéticos de ejemplo
csmr_25_2_16,9100,csmr,900006,csmr,25,Ucayali,1,2,Female,55,60,16,2019,2019,0.00071221230521502,7.1221230521502e-05,,,,"registro vital, causa básica (sintético)",TRUE,,TRUE,0.9087,FALSE,,sintetico_rv_dep_v1,,datos sintéticos de ejemplo
csmr_25_2_17,9100,csmr,900006,csmr,25,Ucayali,1,2,Female,60,65,17,2019,2019,0.00104396304798061,0.000104396304798061,,,,"registro vital, causa básica (sintético)",TRUE,,TRUE,0.9157,FALSE,,sintetico_rv_dep_v1,,datos sintéticos de ejemplo
csmr_25_2_18,9100,csmr,900006,csmr,25,Ucayali,1,2,Female,65,70,18,2019,2019,0.00172377632096349,0.000172377632096349,,,,"registro vital, causa básica (sintético)",TRUE,,TRUE,0.9083,FALSE,,sintetico_rv_dep_v1,,datos sintéticos de ejemplo
csmr_25_2_19,9100,csmr,900006,csmr,25,Ucayali,1,2,Female,70,75,19,2019,2019,0.00239426584253523,0.000239426584253523,,,,"registro vital, causa básica (sintético)",TRUE,,TRUE,0.8953,FALSE,,sintetico_rv_dep_v1,,datos sintéticos de ejemplo
csmr_25_2_20,9100,csmr,900006,csmr,25,Ucayali,1,2,Female,75,80,20,2019,2019,0.00316968741817025,0.000316968741817025,,,,"registro vital, causa básica (sintético)",TRUE,,TRUE,0.9366,FALSE,,sintetico_rv_dep_v1,,datos sintéticos de ejemplo
