location_id,location_name,location_level,parent_id,ubigeo,gbd_location_id
123,Perú,0,,,123
01,Amazonas,1,123,01,
02,Áncash,1,123,02,
03,Apurímac,1,123,03,
04,Arequipa,1,123,04,
05,Ayacucho,1,123,05,
06,Cajamarca,1,123,06,
07,Callao,1,123,07,
08,Cusco,1,123,08,
09,Huancavelica,1,123,09,
10,Huánuco,1,123,10,
11,Ica,1,123,11,
12,Junín,1,123,12,
13,La Libertad,1,123,13,
14,Lambayeque,1,123,14,
15,Lima,1,123,15,
16,Loreto,1,123,16,
17,Madre de Dios,1,123,17,
18,Moquegua,1,123,18,
19,Pasco,1,123,19,
20,Piura,1,123,20,
21,Puno,1,123,21,
22,San Martín,1,123,22,
23,Tacna,1,123,23,
24,Tumbes,1,123,24,
25,Ucayali,1,123,25,
