cause_id,cause_name,sequela_id,sequela_name,me_id,healthstate_id,healthstate_name
9101,acs_de_miembros_inferiores,91011,acs_de_miembros_inferiores_asintomatica,99001,799,asymptomatic
9101,acs_de_miembros_inferiores,91012,acs_de_miembros_inferiores_leve,99002,9801,arteriopatia_sintomatica_leve
9101,acs_de_miembros_inferiores,91013,acs_de_miembros_inferiores_moderada,99003,9802,arteriopatia_sintomatica_moderada
9102,acs_carotidea,91021,acs_carotidea_asintomatica,99004,799,asymptomatic
9102,acs_carotidea,91022,acs_carotidea_leve,99005,9801,arteriopatia_sintomatica_leve
9102,acs_carotidea,91023,acs_carotidea_moderada,99006,9802,arteriopatia_sintomatica_moderada
9103,acs_renovascular,91031,acs_renovascular_asintomatica,99007,799,asymptomatic
9103,acs_renovascular,91032,acs_renovascular_leve,99008,9801,arteriopatia_sintomatica_leve
9103,acs_renovascular,91033,acs_renovascular_moderada,99009,9802,arteriopatia_sintomatica_moderada
